card_set,card_rarity,card_name,card_index,card_price,created_time
eb01,P-L,光月おでん(パラレル),EB01-001,980,2025-03-25 22:05:14
eb01,P-R,キッド&キラー(パラレル),EB01-003,1280,2025-03-25 22:05:19
eb01,P-SR,トニートニー・チョッパー(パラレル),EB01-006,1280,2025-03-25 22:05:24
eb01,P-SR,トニートニー・チョッパー(パラレル)(スーパーパラレル),EB01-006,79800,2025-03-25 22:05:28
eb01,P-SR,キャベンディッシュ(パラレル),EB01-012,1280,2025-03-25 22:05:32
eb01,P-R,光月日和(パラレル),EB01-013,780,2025-03-25 22:05:36
eb01,P-L,ハンニャバル(パラレル),EB01-021,980,2025-03-25 22:05:40
eb01,P-SR,イナズマ(パラレル),EB01-022,780,2025-03-25 22:05:45
eb01,P-R,Mr.1(ダズ・ボーネス)(パラレル),EB01-027,980,2025-03-25 22:05:49
eb01,P-R,カリファ(パラレル),EB01-031,780,2025-03-25 22:05:53
eb01,P-SR,ミス・ウェンズデー(パラレル),EB01-034,780,2025-03-25 22:05:57
eb01,P-L,キュロス(パラレル),EB01-040,980,2025-03-25 22:06:02
eb01,P-SR,ブルック(パラレル),EB01-046,2980,2025-03-25 22:06:06
eb01,P-SR,ラブーン(パラレル),EB01-048,1280,2025-03-25 22:06:11
eb01,P-R,Tボーン(パラレル),EB01-049,780,2025-03-25 22:06:15
eb01,P-SR,ヴィオラ(パラレル),EB01-052,780,2025-03-25 22:06:20
eb01,P-R,シャーロット・フランペ(パラレル),EB01-056,2980,2025-03-25 22:06:24
eb01,P-SR,しらほし(パラレル),EB01-057,3480,2025-03-25 22:06:28
eb01,SEC,Mr.2・ボン・クレー(ベンサム),EB01-061,2980,2025-03-25 22:06:33
eb01,P-SEC,Mr.2・ボン・クレー(ベンサム)(パラレル),EB01-061,5980,2025-03-25 22:06:38
eb02,P-R,トニートニー・チョッパー(パラレル),EB02-003,780,2025-03-25 22:06:42
eb02,P-SR,ヤマト(パラレル),EB02-006,1780,2025-03-25 22:06:52
eb02,P-L,モンキー・D・ルフィ(パラレル),EB02-010,14800,2025-03-25 22:06:56
eb02,P-SR,アーロン(パラレル),EB02-011,780,2025-03-25 22:07:00
eb02,P-SR,ジュエリー・ボニー(パラレル),EB02-015,1480,2025-03-25 22:07:07
eb02,P-R,ナミ(パラレル),EB02-017,2480,2025-03-25 22:07:17
eb02,P-R,ウソップ(パラレル),EB02-022,780,2025-03-25 22:07:41
eb02,P-SR,ネフェルタリ・ビビ(パラレル),EB02-026,2980,2025-03-25 22:07:45
eb02,P-SR,サンジ&プリン(パラレル),EB02-035,3980,2025-03-25 22:08:03
eb02,P-R,ニコ・ロビン(パラレル),EB02-036,1480,2025-03-25 22:08:07
eb02,P-SR,センゴク(パラレル),EB02-044,2980,2025-03-25 22:08:24
eb02,P-SR,トラファルガー・ロー(パラレル),EB02-045,980,2025-03-25 22:08:28
eb02,P-R,ブルック(パラレル),EB02-048,780,2025-03-25 22:08:32
eb02,P-SR,エネル(パラレル),EB02-052,3980,2025-03-25 22:08:40
eb02,P-R,サンジ(パラレル),EB02-054,1980,2025-03-25 22:08:49
eb02,P-SR,ベガパンク(パラレル),EB02-056,980,2025-03-25 22:08:56
eb02,SEC,モンキー・D・ルフィ,EB02-061,2980,2025-03-25 22:09:06
eb02,P-SEC,モンキー・D・ルフィ(パラレル),EB02-061,4980,2025-03-25 22:09:10
eb02,P-SEC,モンキー・D・ルフィ(パラレル)(スーパーパラレル),EB02-061,128000,2025-03-25 22:09:15
eb02,P-L,サボ(パラレル/箔押し),OP05-001,3980,2025-03-25 22:09:19
eb02,P-L,ベロ・ベティ(パラレル/箔押し),OP05-002,4980,2025-03-25 22:09:23
eb02,P-L,ドンキホーテ・ロシナンテ(パラレル/箔押し),OP05-022,4980,2025-03-25 22:09:30
eb02,P-L,モンキー・D・ルフィ(パラレル/箔押し),OP05-060,14800,2025-03-25 22:09:35
eb02,P-L,エネル(パラレル/箔押し),OP05-098,14800,2025-03-25 22:09:39
eb02,P-L,ウタ(パラレル/箔押し),OP06-001,12800,2025-03-25 22:09:43
eb02,P-L,ホーディ・ジョーンズ(パラレル/箔押し),OP06-020,2980,2025-03-25 22:09:47
eb02,P-L,ペローナ(パラレル/箔押し),OP06-021,9980,2025-03-25 22:09:51
eb02,P-L,ヤマト(パラレル/箔押し),OP06-022,9980,2025-03-25 22:09:55
eb02,P-L,ヴィンスモーク・レイジュ(パラレル/箔押し),OP06-042,12800,2025-03-25 22:09:59
eb02,P-L,ゲッコー・モリア(パラレル/箔押し),OP06-080,5980,2025-03-25 22:10:03
eb02,P-L,モンキー・D・ドラゴン(パラレル/箔押し),OP07-001,3980,2025-03-25 22:10:07
eb02,P-L,ジュエリー・ボニー(パラレル/箔押し),OP07-019,12800,2025-03-25 22:10:12
eb02,P-L,ボア・ハンコック(パラレル/箔押し),OP07-038,24800,2025-03-25 22:10:16
eb02,P-L,フォクシー(パラレル/箔押し),OP07-059,2980,2025-03-25 22:10:20
eb02,P-L,ロブ・ルッチ(パラレル/箔押し),OP07-079,7980,2025-03-25 22:10:25
eb02,P-L,ベガパンク(パラレル/箔押し),OP07-097,3980,2025-03-25 22:10:29
eb02,P-L,トニートニー・チョッパー(パラレル/箔押し),OP08-001,4980,2025-03-25 22:10:32
eb02,P-L,マルコ(パラレル/箔押し),OP08-002,4980,2025-03-25 22:10:36
eb02,P-L,キャロット(パラレル/箔押し),OP08-021,4980,2025-03-25 22:10:40
eb02,P-L,キング(パラレル/箔押し),OP08-057,3980,2025-03-25 22:10:44
eb02,P-L,シャーロット・プリン(パラレル/箔押し),OP08-058,7980,2025-03-25 22:10:49
eb02,P-L,カルガラ(パラレル/箔押し),OP08-098,3980,2025-03-25 22:10:54
eb02,P-L,光月おでん(パラレル/箔押し),EB01-001,4980,2025-03-25 22:10:58
eb02,P-L,ハンニャバル(パラレル/箔押し),EB01-021,2980,2025-03-25 22:11:02
eb02,P-L,キュロス(パラレル/箔押し),EB01-040,2980,2025-03-25 22:11:06
op01,P-L,ロロノア・ゾロ(パラレル),OP01-001,14800,2025-03-25 22:11:11
op01,P-L,トラファルガー・ロー(パラレル),OP01-002,12800,2025-03-25 22:11:16
op01,P-L,モンキー・D・ルフィ(パラレル),OP01-003,12800,2025-03-25 22:11:20
op01,P-R,サンジ(パラレル),OP01-013,1980,2025-03-25 22:11:25
op01,P-R,ナミ(パラレル),OP01-016,14800,2025-03-25 22:11:29
op01,P-SR,モンキー・D・ルフィ(パラレル),OP01-024,1480,2025-03-25 22:11:33
op01,P-SR,ロロノア・ゾロ(パラレル),OP01-025,3480,2025-03-25 22:11:38
op01,P-L,光月おでん(パラレル),OP01-031,1780,2025-03-25 22:11:43
op01,P-SR,錦えもん(パラレル),OP01-040,780,2025-03-25 22:11:48
op01,P-SR,トラファルガー・ロー(パラレル),OP01-047,1780,2025-03-25 22:11:53
op01,P-SR,ユースタス・キッド(パラレル),OP01-051,2980,2025-03-25 22:12:01
op01,P-L,ドンキホーテ・ドフラミンゴ(パラレル),OP01-060,7980,2025-03-25 22:12:07
op01,P-L,カイドウ(パラレル),OP01-061,2480,2025-03-25 22:12:12
op01,P-L,クロコダイル(パラレル),OP01-062,2980,2025-03-25 22:12:17
op01,P-SR,クロコダイル(パラレル),OP01-067,780,2025-03-25 22:12:22
op01,P-SR,ジュラキュール・ミホーク(パラレル),OP01-070,1280,2025-03-25 22:12:27
op01,P-R,ドンキホーテ・ドフラミンゴ(パラレル),OP01-073,1480,2025-03-25 22:12:32
op01,P-SR,ボア・ハンコック(パラレル),OP01-078,2480,2025-03-25 22:12:37
op01,P-L,キング(パラレル),OP01-091,1480,2025-03-25 22:12:43
op01,P-R,うるティ(パラレル),OP01-093,980,2025-03-25 22:12:48
op01,P-SR,カイドウ(パラレル),OP01-094,980,2025-03-25 22:12:52
op01,P-SR,キング(パラレル),OP01-096,780,2025-03-25 22:12:59
op01,P-R,クイーン(パラレル),OP01-097,780,2025-03-25 22:13:03
op01,P-R,ジャック(パラレル),OP01-102,780,2025-03-25 22:13:07
op01,SEC,シャンクス(刻印なし),OP01-120,320,2025-03-25 22:13:12
op01,P-SEC,シャンクス(パラレル),OP01-120,1480,2025-03-25 22:13:16
op01,P-SEC,シャンクス(パラレル)(スーパーパラレル)(刻印なし),OP01-120,69800,2025-03-25 22:13:20
op01,SEC,ヤマト(刻印なし),OP01-121,320,2025-03-25 22:13:24
op01,P-SEC,ヤマト(パラレル),OP01-121,2980,2025-03-25 22:13:28
op02,P-L,エドワード・ニューゲート(パラレル),OP02-001,2980,2025-03-25 22:13:33
op02,P-L,モンキー・D・ガープ(パラレル),OP02-002,2980,2025-03-25 22:13:37
op02,P-SR,エドワード・ニューゲート(パラレル),OP02-004,1280,2025-03-25 22:13:41
op02,P-SR,ポートガス・D・エース(パラレル),OP02-013,2980,2025-03-25 22:13:46
op02,P-SR,ポートガス・D・エース(パラレル)(スーパーパラレル)(刻印なし),OP02-013,128000,2025-03-25 22:13:50
op02,P-R,マスクド・デュース(パラレル),OP02-017,780,2025-03-25 22:13:54
op02,P-R,マルコ(パラレル),OP02-018,780,2025-03-25 22:13:58
op02,P-L,錦えもん(パラレル),OP02-025,1280,2025-03-25 22:14:02
op02,P-L,サンジ(パラレル),OP02-026,2980,2025-03-25 22:14:06
op02,P-SR,光月おでん(パラレル),OP02-030,780,2025-03-25 22:14:09
op02,P-SR,ナミ(パラレル),OP02-036,1480,2025-03-25 22:14:13
op02,P-R,モンキー・Ｄ・ルフィ(パラレル),OP02-041,2480,2025-03-25 22:14:18
op02,P-L,エンポリオ・イワンコフ(パラレル),OP02-049,1480,2025-03-25 22:14:22
op02,P-SR,エンポリオ・イワンコフ(パラレル),OP02-051,780,2025-03-25 22:14:26
op02,P-R,バギー(パラレル),OP02-058,980,2025-03-25 22:14:32
op02,P-SR,モンキー・Ｄ・ルフィ(パラレル),OP02-062,980,2025-03-25 22:14:36
op02,P-L,マゼラン(パラレル),OP02-071,1280,2025-03-25 22:14:40
op02,P-L,ゼット(パラレル),OP02-072,1780,2025-03-25 22:14:43
op02,P-R,サディちゃん(パラレル),OP02-073,780,2025-03-25 22:14:47
op02,P-SR,マゼラン(パラレル),OP02-085,780,2025-03-25 22:14:52
op02,P-L,スモーカー(パラレル),OP02-093,3980,2025-03-25 22:14:56
op02,P-SR,クザン(パラレル),OP02-096,2980,2025-03-25 22:15:00
op02,P-SR,サカズキ(パラレル),OP02-099,980,2025-03-25 22:15:04
op02,P-SR,ボルサリーノ(パラレル),OP02-114,1480,2025-03-25 22:15:09
op02,P-R,モンキー・D・ガープ(パラレル),OP02-115,980,2025-03-25 22:15:13
op02,SEC,ウタ,OP02-120,500,2025-03-25 22:15:17
op02,P-SEC,ウタ(パラレル),OP02-120,2480,2025-03-25 22:15:20
op02,SEC,クザン(刻印なし),OP02-121,420,2025-03-25 22:15:25
op02,P-SEC,クザン(パラレル),OP02-121,1280,2025-03-25 22:15:30
op03,P-L,ポートガス・D・エース(パラレル),OP03-001,4980,2025-03-25 22:15:33
op03,P-SR,マルコ(パラレル),OP03-013,1280,2025-03-25 22:15:38
op03,P-R,火拳(パラレル),OP03-018,1280,2025-03-25 22:15:42
op03,P-L,クロ(パラレル),OP03-021,1480,2025-03-25 22:15:46
op03,P-L,アーロン(パラレル),OP03-022,2480,2025-03-25 22:15:50
op03,P-R,ギン(パラレル),OP03-024,780,2025-03-25 22:15:55
op03,P-SR,クリーク(パラレル),OP03-025,780,2025-03-25 22:15:59
op03,P-L,ナミ(パラレル),OP03-040,14800,2025-03-25 22:16:03
op03,P-SR,ウソップ(パラレル),OP03-041,780,2025-03-25 22:16:07
op03,P-R,ゼフ(パラレル),OP03-047,780,2025-03-25 22:16:15
op03,P-L,アイスバーグ(パラレル),OP03-058,1480,2025-03-25 22:16:18
op03,P-SR,パウリー(パラレル),OP03-066,980,2025-03-25 22:16:23
op03,P-L,ロブ・ルッチ(パラレル),OP03-076,1780,2025-03-25 22:16:29
op03,P-L,シャーロット・リンリン(パラレル),OP03-077,1780,2025-03-25 22:16:33
op03,P-SR,イッショウ(パラレル),OP03-078,980,2025-03-25 22:16:37
op03,P-SR,カク(パラレル),OP03-080,1280,2025-03-25 22:16:42
op03,P-R,カリファ(パラレル),OP03-081,2980,2025-03-25 22:16:47
op03,P-R,スパンダム(パラレル),OP03-086,1780,2025-03-25 22:16:51
op03,P-SR,ロブ・ルッチ(パラレル),OP03-092,780,2025-03-25 22:16:55
op03,P-L,シャーロット・カタクリ(パラレル),OP03-099,7980,2025-03-25 22:16:59
op03,P-SR,シャーロット・クラッカー(パラレル),OP03-108,980,2025-03-25 22:17:03
op03,P-R,シャーロット・プリン(パラレル),OP03-112,2480,2025-03-25 22:17:08
op03,P-SR,シャーロット・ペロスペロー(パラレル),OP03-113,780,2025-03-25 22:17:13
op03,P-SR,シャーロット・リンリン(パラレル),OP03-114,1780,2025-03-25 22:17:17
op03,SEC,そげキング,OP03-122,500,2025-03-25 22:17:21
op03,P-SEC,そげキング(パラレル),OP03-122,980,2025-03-25 22:17:25
op03,P-SEC,そげキング(パラレル)(スーパーパラレル)(刻印なし),OP03-122,49800,2025-03-25 22:17:30
op03,SEC,シャーロット・カタクリ(刻印なし),OP03-123,500,2025-03-25 22:17:34
op03,P-SEC,シャーロット・カタクリ(パラレル),OP03-123,3980,2025-03-25 22:17:38
op03,SP,ユースタス・キッド(パラレル),OP01-051,4980,2025-03-25 22:17:43
op03,SP,モンキー・D・ルフィ(パラレル),ST01-012,14800,2025-03-25 22:17:47
op03,SP,ドンキホーテ・ドフラミンゴ(パラレル),ST03-009,2480,2025-03-25 22:17:50
op03,SP,カイドウ(パラレル),ST04-003,3980,2025-03-25 22:17:55
op04,P-L,ネフェルタリ・ビビ(パラレル),OP04-001,6980,2025-03-25 22:17:59
op04,P-SR,ペル(パラレル),OP04-013,980,2025-03-25 22:18:03
op04,P-L,ドンキホーテ・ドフラミンゴ(パラレル),OP04-019,2980,2025-03-25 22:18:08
op04,P-L,イッショウ(パラレル),OP04-020,1280,2025-03-25 22:18:12
op04,P-SR,シュガー(パラレル),OP04-024,980,2025-03-25 22:18:16
op04,P-R,ディアマンテ(パラレル),OP04-028,780,2025-03-25 22:18:21
op04,P-R,トレーボル(パラレル),OP04-030,780,2025-03-25 22:18:25
op04,P-SR,ドンキホーテ・ドフラミンゴ(パラレル),OP04-031,1980,2025-03-25 22:18:29
op04,P-L,レベッカ(パラレル),OP04-039,4980,2025-03-25 22:18:33
op04,P-L,クイーン(パラレル),OP04-040,1280,2025-03-25 22:18:37
op04,P-SR,カイドウ(パラレル),OP04-044,980,2025-03-25 22:18:42
op04,P-R,フーズ・フー(パラレル),OP04-051,780,2025-03-25 22:18:46
op04,P-L,クロコダイル(パラレル),OP04-058,1480,2025-03-25 22:18:50
op04,P-SR,クロコダイル(パラレル),OP04-060,780,2025-03-25 22:18:55
op04,P-SR,ミス・オールサンデー(パラレル),OP04-064,980,2025-03-25 22:18:59
op04,P-R,Mr.5(ジェム)(パラレル),OP04-072,780,2025-03-25 22:19:07
op04,P-R,キュロス(パラレル),OP04-082,780,2025-03-25 22:19:12
op04,P-SR,サボ(パラレル),OP04-083,4980,2025-03-25 22:19:16
op04,P-SR,サボ(パラレル)(スーパーパラレル)(刻印なし),OP04-083,79800,2025-03-25 22:19:21
op04,P-SR,モンキー・D・ルフィ(パラレル),OP04-090,1980,2025-03-25 22:19:25
op04,P-R,カポネ・ベッジ(パラレル),OP04-100,1280,2025-03-25 22:19:30
op04,P-SR,サンジ(パラレル),OP04-104,980,2025-03-25 22:19:34
op04,P-SR,ヤマト(パラレル),OP04-112,2980,2025-03-25 22:19:40
op04,SEC,ネフェルタリ・ビビ,OP04-118,980,2025-03-25 22:19:44
op04,P-SEC,ネフェルタリ・ビビ(パラレル),OP04-118,1480,2025-03-25 22:19:49
op04,SEC,ドンキホーテ・ロシナンテ,OP04-119,980,2025-03-25 22:19:54
op04,P-SEC,ドンキホーテ・ロシナンテ(パラレル),OP04-119,1480,2025-03-25 22:19:58
op04,SP,トラファルガー・ロー(パラレル),OP01-047,7980,2025-03-25 22:20:02
op04,SP,ボア・ハンコック(パラレル),OP01-078,29800,2025-03-25 22:20:07
op04,SP,エドワード・ニューゲート(パラレル),OP02-004,3980,2025-03-25 22:20:11
op04,SP,マゼラン(パラレル),OP02-085,2480,2025-03-25 22:20:15
op04,SP,サカズキ(パラレル),OP02-099,1980,2025-03-25 22:20:19
op05,P-L,サボ(パラレル),OP05-001,1280,2025-03-25 22:20:24
op05,P-L,ベロ・ベティ(パラレル),OP05-002,1280,2025-03-25 22:20:28
op05,P-SR,コアラ(パラレル),OP05-006,980,2025-03-25 22:20:33
op05,P-SR,サボ(パラレル),OP05-007,780,2025-03-25 22:20:37
op05,P-R,ベロ・ベティ(パラレル),OP05-015,780,2025-03-25 22:20:44
op05,P-L,ドンキホーテ・ロシナンテ(パラレル),OP05-022,1280,2025-03-25 22:20:48
op05,P-SR,ピーカ(パラレル),OP05-032,780,2025-03-25 22:20:52
op05,P-R,ベビー５(パラレル),OP05-034,980,2025-03-25 22:20:57
op05,P-L,サカズキ(パラレル),OP05-041,1280,2025-03-25 22:21:01
op05,P-SR,うるティ(パラレル),OP05-043,780,2025-03-25 22:21:06
op05,P-SR,ボルサリーノ(パラレル),OP05-051,980,2025-03-25 22:21:10
op05,P-R,X・ドレーク(パラレル),OP05-055,780,2025-03-25 22:21:14
op05,P-L,モンキー・D・ルフィ(パラレル),OP05-060,2980,2025-03-25 22:21:18
op05,P-R,ゾロ十郎(パラレル),OP05-067,1280,2025-03-25 22:21:23
op05,P-SR,トラファルガー・ロー(パラレル),OP05-069,780,2025-03-25 22:21:27
op05,P-SR,トラファルガー・ロー(パラレル)(スーパーパラレル),OP05-069,99800,2025-03-25 22:21:31
op05,P-SR,ユースタス・キッド(パラレル),OP05-074,980,2025-03-25 22:21:37
op05,P-SR,ユースタス・キッド(パラレル)(スーパーパラレル),OP05-074,69800,2025-03-25 22:21:42
op05,P-R,マンシェリー(パラレル),OP05-088,980,2025-03-25 22:21:47
op05,P-SR,レベッカ(パラレル),OP05-091,2480,2025-03-25 22:21:52
op05,P-SR,ロブ・ルッチ(パラレル),OP05-093,780,2025-03-25 22:21:56
op05,P-L,エネル(パラレル),OP05-098,3480,2025-03-25 22:22:01
op05,P-SR,エネル(パラレル),OP05-100,980,2025-03-25 22:22:05
op05,P-R,ゲダツ(パラレル),OP05-102,980,2025-03-25 22:22:09
op05,SEC,カイドウ,OP05-118,320,2025-03-25 22:22:13
op05,P-SEC,カイドウ(パラレル),OP05-118,980,2025-03-25 22:22:18
op05,SEC,モンキー・D・ルフィ,OP05-119,420,2025-03-25 22:22:22
op05,P-SEC,モンキー・D・ルフィ(パラレル),OP05-119,5980,2025-03-25 22:22:26
op05,P-SEC,モンキー・D・ルフィ(パラレル)(スーパーパラレル),OP05-119,398000,2025-03-25 22:22:30
op05,SP,ナミ(パラレル),OP01-016,12800,2025-03-25 22:22:35
op05,SP,ヤマト(パラレル),OP01-121,7980,2025-03-25 22:22:39
op05,SP,ウタ(パラレル),OP02-120,9980,2025-03-25 22:22:43
op05,SP,ロブ・ルッチ(パラレル),OP03-092,2480,2025-03-25 22:22:47
op05,SP,カイドウ(パラレル),OP04-044,3980,2025-03-25 22:22:52
op05,SP,エネル(パラレル),OP05-100,4980,2025-03-25 22:22:57
op05,P-SR,モンキー・D・ルフィ(パラレル),ST01-012,980,2025-03-25 22:23:01
op05,P-SR,モンキー・D・ルフィ(パラレル)(サイン入り),ST01-012,148000,2025-03-25 22:23:06
op06,P-L,ウタ(パラレル),OP06-001,3980,2025-03-25 22:23:10
op06,P-SR,シャンクス(パラレル),OP06-007,1980,2025-03-25 22:23:14
op06,P-SR,シュライヤ(パラレル),OP06-009,980,2025-03-25 22:23:19
op06,P-R,モンキー・D・ルフィ(パラレル),OP06-013,980,2025-03-25 22:23:24
op06,P-L,ホーディ・ジョーンズ(パラレル),OP06-020,1280,2025-03-25 22:23:28
op06,P-L,ペローナ(パラレル),OP06-021,2980,2025-03-25 22:23:32
op06,P-L,ヤマト(パラレル),OP06-022,5980,2025-03-25 22:23:36
op06,P-R,ケイミー(パラレル),OP06-025,980,2025-03-25 22:23:40
op06,P-SR,ホーディ・ジョーンズ(パラレル),OP06-035,1280,2025-03-25 22:23:45
op06,P-L,ヴィンスモーク・レイジュ(パラレル),OP06-042,4980,2025-03-25 22:23:49
op06,P-SR,アラマキ(パラレル),OP06-043,980,2025-03-25 22:23:53
op06,P-R,たしぎ(パラレル),OP06-050,780,2025-03-25 22:23:57
op06,P-R,ヴィンスモーク・イチジ(パラレル),OP06-061,1480,2025-03-25 22:24:02
op06,P-SR,ヴィンスモーク・ジャッジ(パラレル),OP06-062,980,2025-03-25 22:24:06
op06,P-SR,ヴィンスモーク・レイジュ(パラレル),OP06-069,1980,2025-03-25 22:24:10
op06,P-L,ゲッコー・モリア(パラレル),OP06-080,1780,2025-03-25 22:24:14
op06,P-R,アブサロム(パラレル),OP06-081,980,2025-03-25 22:24:18
op06,P-SR,ゲッコー・モリア(パラレル),OP06-086,6980,2025-03-25 22:24:22
op06,P-SR,ペローナ(パラレル),OP06-093,2480,2025-03-25 22:24:27
op06,P-R,おナミ(パラレル),OP06-101,3480,2025-03-25 22:24:30
op06,P-SR,光月日和(パラレル),OP06-106,1980,2025-03-25 22:24:34
op06,P-SR,光月モモの助(パラレル),OP06-107,780,2025-03-25 22:24:38
op06,SEC,ロロノア・ゾロ,OP06-118,1980,2025-03-25 22:24:42
op06,P-SEC,ロロノア・ゾロ(パラレル),OP06-118,4980,2025-03-25 22:24:46
op06,P-SEC,ロロノア・ゾロ(パラレル)(スーパーパラレル),OP06-118,99800,2025-03-25 22:24:51
op06,SEC,サンジ,OP06-119,3480,2025-03-25 22:24:55
op06,P-SEC,サンジ(パラレル),OP06-119,6980,2025-03-25 22:25:00
op06,SP,バギー(パラレル),OP03-008,3980,2025-03-25 22:25:04
op06,SP,シャーロット・リンリン(パラレル),OP03-114,9980,2025-03-25 22:25:09
op06,SP,シュガー(パラレル),OP04-024,3980,2025-03-25 22:25:18
op06,SP,ミス・オールサンデー(パラレル),OP04-064,3980,2025-03-25 22:25:23
op06,SP,ボルサリーノ(パラレル),OP05-051,1980,2025-03-25 22:25:27
op06,SP,レベッカ(パラレル),OP05-091,19800,2025-03-25 22:25:32
op07,P-L,モンキー・D・ドラゴン(パラレル),OP07-001,980,2025-03-25 22:25:37
op07,P-R,カリーナ(パラレル),OP07-005,980,2025-03-25 22:25:41
op07,P-SR,モンキー・D・ドラゴン(パラレル),OP07-015,1480,2025-03-25 22:25:46
op07,P-L,ジュエリー・ボニー(パラレル),OP07-019,3980,2025-03-25 22:25:52
op07,P-R,お玉(パラレル),OP07-022,980,2025-03-25 22:25:57
op07,P-SR,ジュエリー・ボニー(パラレル),OP07-026,1480,2025-03-25 22:26:02
op07,P-SR,バジル・ホーキンス(パラレル),OP07-029,1280,2025-03-25 22:26:07
op07,P-L,ボア・ハンコック(パラレル),OP07-038,6980,2025-03-25 22:26:13
op07,P-SR,ジンベエ(パラレル),OP07-045,1280,2025-03-25 22:26:18
op07,P-R,センゴク(パラレル),OP07-046,980,2025-03-25 22:26:22
op07,P-R,トラファルガー・ロー(パラレル),OP07-047,780,2025-03-25 22:26:26
op07,P-SR,ボア・ハンコック(パラレル),OP07-051,1780,2025-03-25 22:26:31
op07,P-SR,ボア・ハンコック(パラレル)(スーパーパラレル),OP07-051,79800,2025-03-25 22:26:35
op07,P-L,フォクシー(パラレル),OP07-059,1280,2025-03-25 22:26:38
op07,P-SR,サンジ(パラレル),OP07-064,3480,2025-03-25 22:26:43
op07,P-R,フォクシー(パラレル),OP07-071,780,2025-03-25 22:26:48
op07,P-SR,ポルチェ(パラレル),OP07-072,980,2025-03-25 22:26:52
op07,P-L,ロブ・ルッチ(パラレル),OP07-079,1780,2025-03-25 22:26:56
op07,P-SR,ステューシー(パラレル),OP07-085,980,2025-03-25 22:27:00
op07,P-L,ベガパンク(パラレル),OP07-097,1480,2025-03-25 22:27:05
op07,P-R,フランキー(パラレル),OP07-107,1280,2025-03-25 22:27:09
op07,P-SR,モンキー・D・ルフィ(パラレル),OP07-109,1980,2025-03-25 22:27:13
op07,P-SR,リリス(パラレル),OP07-111,980,2025-03-25 22:27:20
op07,SEC,サボ,OP07-118,420,2025-03-25 22:27:24
op07,P-SEC,サボ(パラレル),OP07-118,980,2025-03-25 22:27:28
op07,SEC,ポートガス・D・エース,OP07-119,1980,2025-03-25 22:27:33
op07,P-SEC,ポートガス・D・エース(パラレル),OP07-119,3980,2025-03-25 22:27:38
op07,SP,お菊(パラレル),OP01-035,1980,2025-03-25 22:27:42
op07,SP,ドンキホーテ・ドフラミンゴ(パラレル),OP01-073,3480,2025-03-25 22:27:47
op07,SP,イゾウ(パラレル),OP03-003,2480,2025-03-25 22:27:51
op07,SP,イッショウ(パラレル),OP03-078,1980,2025-03-25 22:27:56
op07,SP,ユースタス・キッド(パラレル),OP05-074,2980,2025-03-25 22:28:00
op07,SP,おナミ(パラレル),OP06-101,24800,2025-03-25 22:28:05
op08,P-L,トニートニー・チョッパー(パラレル),OP08-001,980,2025-03-25 22:28:09
op08,P-L,マルコ(パラレル),OP08-002,1280,2025-03-25 22:28:12
op08,P-SR,トニートニー・チョッパー(パラレル),OP08-007,780,2025-03-25 22:28:17
op08,P-R,Dr.くれは(パラレル),OP08-015,780,2025-03-25 22:28:25
op08,P-L,キャロット(パラレル),OP08-021,1280,2025-03-25 22:28:29
op08,P-SR,キャロット(パラレル),OP08-023,1480,2025-03-25 22:28:34
op08,P-R,ペドロ(パラレル),OP08-030,780,2025-03-25 22:28:38
op08,P-SR,エドワード・ニューゲート(パラレル),OP08-043,980,2025-03-25 22:28:43
op08,P-R,ポートガス・D・エース(パラレル),OP08-052,1280,2025-03-25 22:28:48
op08,P-L,キング(パラレル),OP08-057,1280,2025-03-25 22:28:52
op08,P-L,シャーロット・プリン(パラレル),OP08-058,2980,2025-03-25 22:28:56
op08,P-R,シャーロット・プリン(パラレル),OP08-067,1480,2025-03-25 22:29:01
op08,P-SR,シャーロット・リンリン(パラレル),OP08-069,2980,2025-03-25 22:29:05
op08,P-SR,ブラックマリア(パラレル),OP08-074,2480,2025-03-25 22:29:11
op08,P-SR,カイドウ(パラレル),OP08-079,1280,2025-03-25 22:29:16
op08,P-R,クイーン(パラレル),OP08-080,780,2025-03-25 22:29:20
op08,P-SR,ジャック(パラレル),OP08-084,1280,2025-03-25 22:29:24
op08,P-L,カルガラ(パラレル),OP08-098,1280,2025-03-25 22:29:29
op08,P-SR,ジュエリー・ボニー(パラレル),OP08-105,1280,2025-03-25 22:29:33
op08,P-SR,ナミ(パラレル),OP08-106,4980,2025-03-25 22:29:38
op08,P-R,ワイパー(パラレル),OP08-110,780,2025-03-25 22:29:43
op08,P-SR,S-スネーク(パラレル),OP08-112,1280,2025-03-25 22:29:47
op08,SEC,シルバーズ･レイリー,OP08-118,2480,2025-03-25 22:29:52
op08,P-SEC,シルバーズ･レイリー(パラレル),OP08-118,4980,2025-03-25 22:29:57
op08,P-SEC,シルバーズ･レイリー(パラレル)(スーパーパラレル),OP08-118,49800,2025-03-25 22:30:01
op08,SEC,カイドウ＆リンリン,OP08-119,500,2025-03-25 22:30:07
op08,P-SEC,カイドウ＆リンリン(パラレル),OP08-119,980,2025-03-25 22:30:12
op08,SP,ジュエリー・ボニー(パラレル),ST02-007,17800,2025-03-25 22:30:17
op08,SP,ゲッコー・モリア(パラレル),ST03-004,5980,2025-03-25 22:30:21
op08,SP,クイーン(パラレル),ST04-005,3980,2025-03-25 22:30:24
op08,SP,たしぎ(パラレル),ST06-006,7980,2025-03-25 22:30:29
op08,SP,ポートガス・D・エース(パラレル),OP02-013,12800,2025-03-25 22:30:33
op08,SP,シャーロット・プリン(パラレル),OP03-112,9980,2025-03-25 22:30:38
op09,P-L,シャンクス(パラレル),OP09-001,2480,2025-03-25 22:30:42
op09,P-R,ウタ(パラレル),OP09-002,980,2025-03-25 22:30:46
op09,P-SR,シャンクス(パラレル),OP09-004,1780,2025-03-25 22:30:50
op09,P-SR,シャンクス(パラレル)(スーパーパラレル),OP09-004,99800,2025-03-25 22:30:54
op09,P-SR,ベン・ベックマン(パラレル),OP09-009,980,2025-03-25 22:30:59
op09,P-L,リム(パラレル),OP09-022,1280,2025-03-25 22:31:02
op09,P-SR,アディオ(パラレル),OP09-023,780,2025-03-25 22:31:07
op09,P-R,ペローナ(パラレル),OP09-034,780,2025-03-25 22:31:11
op09,P-SR,リム(パラレル),OP09-037,780,2025-03-25 22:31:18
op09,P-L,バギー(パラレル),OP09-042,1280,2025-03-25 22:31:22
op09,P-SR,クロコダイル(パラレル),OP09-046,780,2025-03-25 22:31:26
op09,P-SR,ジュラキュール・ミホーク(パラレル),OP09-048,780,2025-03-25 22:31:30
op09,P-R,ナミ(パラレル),OP09-050,780,2025-03-25 22:31:34
op09,P-R,バギー(パラレル),OP09-051,780,2025-03-25 22:31:38
op09,P-R,バギー(パラレル)(スーパーパラレル),OP09-051,69800,2025-03-25 22:31:43
op09,P-L,モンキー・D・ルフィ(パラレル),OP09-061,2980,2025-03-25 22:31:47
op09,P-L,ニコ・ロビン(パラレル),OP09-062,980,2025-03-25 22:31:51
op09,P-SR,サンジ(パラレル),OP09-065,780,2025-03-25 22:31:55
op09,P-R,トラファルガー・ロー(パラレル),OP09-069,1280,2025-03-25 22:31:58
op09,P-SR,フランキー(パラレル),OP09-072,780,2025-03-25 22:32:02
op09,P-L,マーシャル・Ｄ・ティーチ(パラレル),OP09-081,1780,2025-03-25 22:32:06
op09,P-SR,マーシャル・D・ティーチ(パラレル),OP09-093,980,2025-03-25 22:32:10
op09,P-SR,マーシャル・D・ティーチ(パラレル)(スーパーパラレル),OP09-093,99800,2025-03-25 22:32:15
op09,P-SR,コアラ(パラレル),OP09-103,780,2025-03-25 22:32:23
op09,P-R,ニコ・ロビン(パラレル),OP09-107,1280,2025-03-25 22:32:28
op09,SEC,ゴール・D・ロジャー,OP09-118,420,2025-03-25 22:32:32
op09,P-SEC,ゴール・D・ロジャー(パラレル),OP09-118,1280,2025-03-25 22:32:37
op09,P-SEC,ゴール・D・ロジャー(パラレル)(スーパーパラレル),OP09-118,498000,2025-03-25 22:32:41
op09,SEC,モンキー・D・ルフィ,OP09-119,500,2025-03-25 22:32:46
op09,P-SEC,モンキー・D・ルフィ(パラレル),OP09-119,1280,2025-03-25 22:32:50
op09,P-SEC,モンキー・D・ルフィ(パラレル)(スーパーパラレル),OP09-119,128000,2025-03-25 22:32:54
op09,SP,ドンキホーテ・ロシナンテ(パラレル),OP04-119,2980,2025-03-25 22:32:58
op09,SP,ゾロ十郎(パラレル),OP05-067,7980,2025-03-25 22:33:03
op09,SP,ロブ・ルッチ(パラレル),OP05-093,3480,2025-03-25 22:33:07
op09,SP,モンキー・D・ドラゴン(パラレル),OP07-015,4980,2025-03-25 22:33:12
op09,SP,ボア・ハンコック(パラレル),OP07-051,12800,2025-03-25 22:33:17
op09,SP,ナミ(パラレル),OP08-106,14800,2025-03-25 22:33:21
op09,SP,シャンクス(パラレル),OP09-004,12800,2025-03-25 22:33:26
op09,SP,バギー(パラレル),OP09-051,6980,2025-03-25 22:33:30
op09,SP,マーシャル・D・ティーチ(パラレル),OP09-093,9980,2025-03-25 22:33:35
op09,SP,モンキー・D・ルフィ(パラレル),OP05-119,29800,2025-03-25 22:33:39
op10,P-L,スモーカー(パラレル),OP10-001,1780,2025-03-25 22:33:43
op10,P-L,シーザー・クラウン(パラレル),OP10-002,980,2025-03-25 22:33:48
op10,P-L,シュガー(パラレル),OP10-003,1280,2025-03-25 22:33:53
op10,P-SR,サンジ(パラレル),OP10-005,1780,2025-03-25 22:34:02
op10,P-SR,モネ(パラレル),OP10-016,980,2025-03-25 22:34:10
op10,P-R,神避(パラレル),OP10-019,4980,2025-03-25 22:34:15
op10,P-L,トラファルガー・ロー(パラレル),OP10-022,1780,2025-03-25 22:34:19
op10,P-SR,スモーカー(パラレル),OP10-030,2480,2025-03-25 22:34:27
op10,P-SR,たしぎ(パラレル),OP10-032,2480,2025-03-25 22:34:36
op10,P-R,リム(パラレル),OP10-037,980,2025-03-25 22:34:40
op10,P-L,ウソップ(パラレル),OP10-042,2480,2025-03-25 22:34:44
op10,P-R,キャベンディッシュ(パラレル),OP10-045,1280,2025-03-25 22:34:49
op10,P-SR,キュロス(パラレル),OP10-046,2480,2025-03-25 22:34:59
op10,P-SR,レベッカ(パラレル),OP10-058,2980,2025-03-25 22:35:03
op10,P-R,セニョール・ピンク(パラレル),OP10-067,780,2025-03-25 22:35:13
op10,P-SR,ドンキホーテ・ドフラミンゴ(パラレル),OP10-071,980,2025-03-25 22:35:17
op10,P-SR,ドンキホーテ・ロシナンテ(パラレル),OP10-072,1980,2025-03-25 22:35:22
op10,P-SR,クザン(パラレル),OP10-082,2980,2025-03-25 22:35:30
op10,P-R,フランキー(パラレル),OP10-090,980,2025-03-25 22:35:36
op10,P-L,ユースタス・キッド(パラレル),OP10-099,1980,2025-03-25 22:35:41
op10,P-R,モンキー・D・ルフィ(パラレル),OP10-111,1780,2025-03-25 22:35:47
op10,P-SR,ユースタス・キッド(パラレル),OP10-112,1980,2025-03-25 22:35:57
op10,SEC,モンキー・D・ルフィ,OP10-118,500,2025-03-25 22:36:03
op10,P-SEC,モンキー・D・ルフィ(パラレル),OP10-118,1480,2025-03-25 22:36:09
op10,SEC,トラファルガー・ロー,OP10-119,1280,2025-03-25 22:36:13
op10,P-SEC,トラファルガー・ロー(パラレル),OP10-119,3480,2025-03-25 22:36:17
op10,P-SEC,トラファルガー・ロー(パラレル)(スーパーパラレル),OP10-119,59800,2025-03-25 22:36:21
op10,SP,ウルージ(パラレル),OP07-021,1980,2025-03-25 22:36:26
op10,SP,シャーロット・プリン(パラレル),ST12-012,3980,2025-03-25 22:36:30
op10,SP,サンジ(パラレル),ST14-003,4980,2025-03-25 22:36:34
op10,SP,エドワード・ニューゲート(パラレル),ST15-002,8980,2025-03-25 22:36:50
op10,SP,ウソ八(パラレル),ST18-001,12800,2025-03-25 22:36:56
op10,SP,シャーロット・フランペ(パラレル),EB01-056,4980,2025-03-25 22:37:01
op11,P-L,コビー(パラレル),OP11-001,1980,2025-03-25 22:37:05
op11,P-SR,孔雀(パラレル),OP11-004,1980,2025-03-25 22:37:16
op11,P-R,ドール(パラレル),OP11-008,980,2025-03-25 22:37:25
op11,P-SR,ひばり(パラレル),OP11-010,1280,2025-03-25 22:37:36
op11,P-R,実直拳骨(パラレル),OP11-018,3980,2025-03-25 22:37:46
op11,P-L,ジンベエ(パラレル),OP11-021,980,2025-03-25 22:37:50
op11,P-L,しらほし(パラレル),OP11-022,1980,2025-03-25 22:37:55
op11,P-R,アーロン(パラレル),OP11-023,980,2025-03-25 22:37:59
op11,P-SR,ジンベエ(パラレル),OP11-031,980,2025-03-25 22:38:08
op11,P-L,モンキー・D・ルフィ(パラレル),OP11-040,5980,2025-03-25 22:38:13
op11,P-L,ナミ(パラレル),OP11-041,5980,2025-03-25 22:38:17
op11,P-R,ヴィンスモーク・レイジュ(パラレル),OP11-047,1280,2025-03-25 22:38:22
op11,P-SR,サンジ(パラレル),OP11-051,980,2025-03-25 22:38:32
op11,P-SR,ナミ(パラレル),OP11-054,3980,2025-03-25 22:38:40
op11,P-L,シャーロット・カタクリ(パラレル),OP11-062,1980,2025-03-25 22:38:45
op11,P-SR,シャーロット・カタクリ(パラレル),OP11-067,3980,2025-03-25 22:38:54
op11,P-SR,シャーロット・プリン(パラレル),OP11-070,1780,2025-03-25 22:39:03
op11,P-R,シャーロット・リンリン(パラレル),OP11-073,980,2025-03-25 22:39:07
op11,P-R,ギア2(パラレル),OP11-080,12800,2025-03-25 22:39:12
op11,P-R,クザン(パラレル),OP11-084,980,2025-03-25 22:39:17
op11,P-SR,ヘルメッポ(パラレル),OP11-092,1280,2025-03-25 22:39:27
op11,P-SR,モンキー・D・ガープ(パラレル),OP11-095,980,2025-03-25 22:39:35
op11,P-SR,カポネ・ベッジ(パラレル),OP11-101,980,2025-03-25 22:39:44
op11,P-R,ゼウス(パラレル),OP11-106,2980,2025-03-25 22:39:48
op11,P-R,ゴムゴムの火拳銃(パラレル),OP11-114,4980,2025-03-25 22:39:54
op11,SEC,モンキー・D・ルフィ,OP11-118,1780,2025-03-25 22:39:59
op11,P-SEC,モンキー・D・ルフィ(パラレル),OP11-118,2980,2025-03-25 22:40:03
op11,P-SEC,モンキー・D・ルフィ(パラレル)(スーパーパラレル),OP11-118,89800,2025-03-25 22:40:07
op11,SEC,コビー,OP11-119,780,2025-03-25 22:40:11
op11,P-SEC,コビー(パラレル),OP11-119,1780,2025-03-25 22:40:16
op11,SP,サンジ(パラレル),OP06-119,9980,2025-03-25 22:40:20
op11,SP,ステューシー(パラレル),OP07-085,5980,2025-03-25 22:40:24
op11,SP,シルバーズ・レイリー(パラレル),OP09-005,4980,2025-03-25 22:40:28
op11,SP,シャンクス(パラレル),ST16-004,9980,2025-03-25 22:40:33
op11,SP,ルフィ太郎(パラレル),ST18-005,7980,2025-03-25 22:40:38
op11,SP,しらほし(パラレル),EB01-057,7980,2025-03-25 22:40:42
op11,SP,モンキー・D・ルフィ(パラレル)(金パラレル),OP05-119,298000,2025-03-25 22:40:46
op11,SP,モンキー・D・ルフィ(パラレル)(銀パラレル),OP05-119,248000,2025-03-25 22:40:50
prb01,P-L,サンジ(パラレル),,1980,2025-03-25 22:40:55
prb01,P-R,ナミ(パラレル)(スーパーパラレル),OP01-016,59800,2025-03-25 22:40:59
prb01,P-SR,モンキー・D・ルフィ(パラレル)(PRB),OP01-024,780,2025-03-25 22:41:04
prb01,P-R,光月モモの助(パラレル),OP01-041,320,2025-03-25 22:41:08
prb01,P-R,光月モモの助(パラレル)(PRB),OP01-041,780,2025-03-25 22:41:13
prb01,P-SR,トラファルガー・ロー(パラレル)(PRB),OP01-047,1780,2025-03-25 22:41:17
prb01,P-SR,ユースタス・キッド(パラレル)(PRB),OP01-051,1280,2025-03-25 22:41:21
prb01,P-SR,ジュラキュール・ミホーク(パラレル)(PRB),OP01-070,780,2025-03-25 22:41:26
prb01,P-SR,ボア・ハンコック(パラレル)(PRB),OP01-078,980,2025-03-25 22:41:31
prb01,SEC,シャンクス(刻印あり),OP01-120,220,2025-03-25 22:41:35
prb01,P-SEC,シャンクス(パラレル)(PRB),OP01-120,780,2025-03-25 22:41:39
prb01,P-SEC,シャンクス(パラレル)(スーパーパラレル)(刻印あり),OP01-120,128000,2025-03-25 22:41:43
prb01,SEC,ヤマト(刻印あり),OP01-121,220,2025-03-25 22:41:48
prb01,P-SEC,ヤマト(パラレル)(PRB),OP01-121,1980,2025-03-25 22:41:52
prb01,P-SR,エドワード・ニューゲート(パラレル)(PRB),OP02-004,780,2025-03-25 22:41:56
prb01,P-SR,ポートガス・D・エース(パラレル)(スーパーパラレル)(刻印あり),OP02-013,198000,2025-03-25 22:42:01
prb01,P-R,マルコ(パラレル),OP02-018,420,2025-03-25 22:42:05
prb01,P-R,マルコ(パラレル)(PRB),OP02-018,780,2025-03-25 22:42:09
prb01,P-R,地獄の審判(パラレル),OP02-089,220,2025-03-25 22:42:14
prb01,P-R,地獄の審判(パラレル)(PRB),OP02-089,500,2025-03-25 22:42:19
prb01,P-SR,クザン(パラレル)(PRB),OP02-096,780,2025-03-25 22:42:23
prb01,P-SR,サカズキ(パラレル)(PRB),OP02-099,780,2025-03-25 22:42:27
prb01,P-SR,ボルサリーノ(パラレル)(PRB),OP02-114,780,2025-03-25 22:42:32
prb01,SEC,クザン(刻印あり),OP02-121,220,2025-03-25 22:42:36
prb01,P-SEC,クザン(パラレル)(PRB),OP02-121,780,2025-03-25 22:42:41
prb01,P-R,イゾウ(パラレル),OP03-003,500,2025-03-25 22:42:45
prb01,P-R,イゾウ(パラレル)(PRB),OP03-003,780,2025-03-25 22:42:49
prb01,P-R,三・千・世・界(パラレル),OP03-057,320,2025-03-25 22:42:54
prb01,P-R,三・千・世・界(パラレル)(PRB),OP03-057,980,2025-03-25 22:42:59
prb01,P-R,ブランニュー(パラレル),OP03-089,500,2025-03-25 22:43:03
prb01,P-R,ブランニュー(パラレル)(PRB),OP03-089,980,2025-03-25 22:43:08
prb01,P-SR,シャーロット・クラッカー(パラレル)(PRB),OP03-108,780,2025-03-25 22:43:12
prb01,P-R,シャーロット・スムージー(パラレル),OP03-110,320,2025-03-25 22:43:16
prb01,P-R,シャーロット・スムージー(パラレル)(PRB),OP03-110,780,2025-03-25 22:43:20
prb01,P-SR,シャーロット・ペロスペロー(パラレル)(PRB),OP03-113,780,2025-03-25 22:43:24
prb01,P-SEC,そげキング(パラレル)(スーパーパラレル)(刻印あり),OP03-122,99800,2025-03-25 22:43:30
prb01,SEC,シャーロット・カタクリ(刻印あり),OP03-123,500,2025-03-25 22:43:34
prb01,P-SEC,シャーロット・カタクリ(パラレル)(PRB),OP03-123,1480,2025-03-25 22:43:38
prb01,P-SR,ドンキホーテ・ドフラミンゴ(パラレル)(PRB),OP04-031,1280,2025-03-25 22:43:43
prb01,P-SR,カイドウ(パラレル)(PRB),OP04-044,780,2025-03-25 22:43:46
prb01,P-R,ゴムゴムの業火拳銃(パラレル),OP04-056,320,2025-03-25 22:43:51
prb01,P-R,ゴムゴムの業火拳銃(パラレル)(PRB),OP04-056,2480,2025-03-25 22:43:56
prb01,P-SEC,サボ(パラレル)(スーパーパラレル)(刻印あり),OP04-083,128000,2025-03-25 22:43:59
prb01,P-R,バルトロメオ(パラレル),OP04-089,220,2025-03-25 22:44:04
prb01,P-R,バルトロメオ(パラレル)(PRB),OP04-089,1780,2025-03-25 22:44:07
prb01,P-R,カポネ・ベッジ(パラレル),OP04-100,500,2025-03-25 22:44:12
prb01,P-R,カポネ・ベッジ(パラレル)(PRB),OP04-100,980,2025-03-25 22:44:16
prb01,P-SR,サンジ(パラレル)(PRB),OP04-104,780,2025-03-25 22:44:20
prb01,P-SR,ヤマト(パラレル)(PRB),OP04-112,2480,2025-03-25 22:44:24
prb01,P-SR,コアラ(パラレル)(PRB),OP05-006,980,2025-03-25 22:44:28
prb01,P-SR,サボ(パラレル)(PRB),OP05-007,780,2025-03-25 22:44:31
prb01,P-R,ベロ・ベティ(パラレル),OP05-015,500,2025-03-25 22:44:36
prb01,P-R,ベロ・ベティ(パラレル)(PRB),OP05-015,780,2025-03-25 22:44:41
prb01,P-R,ベビー５(パラレル),OP05-034,500,2025-03-25 22:44:45
prb01,P-R,ベビー５(パラレル)(PRB),OP05-034,980,2025-03-25 22:44:50
prb01,P-SR,うるティ(パラレル)(PRB),OP05-043,780,2025-03-25 22:44:56
prb01,P-R,犬噛紅蓮(パラレル),OP05-057,220,2025-03-25 22:45:03
prb01,P-R,犬噛紅蓮(パラレル)(PRB),OP05-057,980,2025-03-25 22:45:08
prb01,P-SR,ユースタス・キッド(パラレル)(PRB),OP05-074,980,2025-03-25 22:45:13
prb01,P-R,しらほし(パラレル),OP05-082,500,2025-03-25 22:45:20
prb01,P-R,しらほし(パラレル)(PRB),OP05-082,780,2025-03-25 22:45:24
prb01,P-R,サトリ(パラレル),OP05-105,780,2025-03-25 22:45:30
prb01,P-R,サトリ(パラレル)(PRB),OP05-105,980,2025-03-25 22:45:36
prb01,P-R,2億V雷神(パラレル),OP05-115,220,2025-03-25 22:45:41
prb01,P-R,2億V雷神(パラレル)(PRB),OP05-115,980,2025-03-25 22:45:48
prb01,P-SEC,カイドウ(パラレル)(PRB),OP05-118,780,2025-03-25 22:45:53
prb01,P-SEC,モンキー・D・ルフィ(パラレル)(PRB),OP05-119,2480,2025-03-25 22:45:58
prb01,P-R,アーロン(パラレル),OP06-023,320,2025-03-25 22:46:04
prb01,P-R,アーロン(パラレル)(PRB),OP06-023,580,2025-03-25 22:46:09
prb01,P-SR,ホーディ・ジョーンズ(パラレル)(PRB),OP06-035,1280,2025-03-25 22:46:15
prb01,P-R,リューマ(パラレル),OP06-036,980,2025-03-25 22:46:20
prb01,P-R,リューマ(パラレル)(PRB),OP06-036,780,2025-03-25 22:46:27
prb01,P-R,ヴィンスモーク・ニジ(パラレル),OP06-065,500,2025-03-25 22:46:33
prb01,P-R,ヴィンスモーク・ニジ(パラレル)(PRB),OP06-065,780,2025-03-25 22:46:37
prb01,P-R,ヴィンスモーク・ヨンジ(パラレル),OP06-067,500,2025-03-25 22:46:44
prb01,P-R,ヴィンスモーク・ヨンジ(パラレル)(PRB),OP06-067,780,2025-03-25 22:46:51
prb01,P-SR,ヴィンスモーク・レイジュ(パラレル)(PRB),OP06-069,980,2025-03-25 22:46:57
prb01,P-SR,ゲッコー・モリア(パラレル)(PRB),OP06-086,1280,2025-03-25 22:47:03
prb01,P-SR,光月日和(パラレル)(PRB),OP06-106,1480,2025-03-25 22:47:09
prb01,P-SR,カイドウ(パラレル)(PRB),ST04-003,1280,2025-03-25 22:47:15
prb01,P-SR,トラファルガー・ロー(パラレル)(PRB),ST10-010,2480,2025-03-25 22:47:20
prb01,DON,ドン!!カード(ポートガス・D・エース)(パラレル)(スーパーパラレル),,9980,2025-03-25 22:47:28
prb01,DON,ドン!!カード(ネフェルタリ・ビビ)(パラレル)(スーパーパラレル),,5980,2025-03-25 22:47:34
prb01,DON,ドン!!カード(クロコダイル)(パラレル)(スーパーパラレル),,2980,2025-03-25 22:47:42
prb01,DON,ドン!!カード(ドンキホーテ・ドフラミンゴ)(パラレル)(スーパーパラレル),,5980,2025-03-25 22:47:49
prb01,DON,ドン!!カード(エネル)(パラレル)(スーパーパラレル),,5980,2025-03-25 22:47:56
prb01,DON,ドン!!カード(ホーディ・ジョーンズ)(パラレル)(スーパーパラレル),,1980,2025-03-25 22:48:03
prb01,DON,ドン!!カード(アイスバーグ)(パラレル)(スーパーパラレル),,2480,2025-03-25 22:48:12
prb01,DON,ドン!!カード(エンポリオ・イワンコフ)(パラレル)(スーパーパラレル),,2480,2025-03-25 22:48:19
prb01,DON,ドン!!カード(カイドウ)(パラレル)(スーパーパラレル),,4980,2025-03-25 22:48:29
prb01,DON,ドン!!カード(シャーロット・カタクリ)(パラレル)(スーパーパラレル),,4980,2025-03-25 22:48:38
prb01,DON,ドン!!カード(ユースタス・キッド)(パラレル)(スーパーパラレル),,2480,2025-03-25 22:48:45
prb01,DON,ドン!!カード(キング)(パラレル)(スーパーパラレル),,1980,2025-03-25 22:48:53
prb01,DON,ドン!!カード(トラファルガー・ロー)(パラレル)(スーパーパラレル),,9980,2025-03-25 22:49:04
prb01,DON,ドン!!カード(シャーロット・リンリン)(パラレル)(スーパーパラレル),,2980,2025-03-25 22:49:12
prb01,DON,ドン!!カード(ロブ・ルッチ)(パラレル)(スーパーパラレル),,3980,2025-03-25 22:49:21
prb01,DON,ドン!!カード(モンキー・D・ルフィ)(パラレル)(スーパーパラレル),,7980,2025-03-25 22:49:28
prb01,DON,ドン!!カード(マゼラン)(パラレル)(スーパーパラレル),,1980,2025-03-25 22:49:36
prb01,DON,ドン!!カード(ゲッコー・モリア)(パラレル)(スーパーパラレル),,4980,2025-03-25 22:49:44
prb01,DON,ドン!!カード(光月おでん)(パラレル)(スーパーパラレル),,2480,2025-03-25 22:49:53
prb01,DON,ドン!!カード(ペローナ)(パラレル)(スーパーパラレル),,9980,2025-03-25 22:50:02
prb01,DON,ドン!!カード(クイーン)(パラレル)(スーパーパラレル),,1980,2025-03-25 22:50:11
prb01,DON,ドン!!カード(レベッカ)(パラレル)(スーパーパラレル),,5980,2025-03-25 22:50:16
prb01,DON,ドン!!カード(ヴィンスモーク・レイジュ)(パラレル)(スーパーパラレル),,4980,2025-03-25 22:50:29
prb01,DON,ドン!!カード(ドンキホーテ・ロシナンテ)(パラレル)(スーパーパラレル),,3480,2025-03-25 22:50:34
prb01,DON,ドン!!カード(サボ)(パラレル)(スーパーパラレル),,5980,2025-03-25 22:50:39
prb01,DON,ドン!!カード(サカズキ)(パラレル)(スーパーパラレル),,2980,2025-03-25 22:50:45
prb01,DON,ドン!!カード(エドワード・ニューゲート)(パラレル)(スーパーパラレル),,2980,2025-03-25 22:50:50
prb01,DON,ドン!!カード(ウタ)(パラレル)(スーパーパラレル),,12800,2025-03-25 22:50:56
prb01,DON,ドン!!カード(ヤマト)(パラレル)(スーパーパラレル),,5980,2025-03-25 22:51:02
prb01,DON,ドン!!カード(ロロノア・ゾロ)(パラレル)(スーパーパラレル),,19800,2025-03-25 22:51:08
promo-op10,SEC,ウタ(パラレル)(プレミアムカードコレクション-ウタ-),OP02-120,780,2025-03-25 22:51:12
promo-op10,SEC,ロロノア・ゾロ(パラレル/箔押し),OP06-118,2980,2025-03-25 22:51:16
st13,P-L,サボ(パラレル),ST13-001,2980,2025-03-25 22:51:20
st13,P-L,ポートガス・D・エース(パラレル),ST13-002,3980,2025-03-25 22:51:23
st13,P-L,モンキー・D・ルフィ(パラレル),ST13-003,5980,2025-03-25 22:51:28
st13,P-R,エンポリオ・イワンコフ(パラレル),ST13-005,1280,2025-03-25 22:51:33
st13,P-SR,サボ(パラレル),ST13-008,3980,2025-03-25 22:51:37
st13,P-SR,ポートガス・D・エース(パラレル),ST13-011,5980,2025-03-25 22:51:41
st13,P-SR,モンキー・D・ガープ(パラレル),ST13-013,1980,2025-03-25 22:51:45
st13,P-SR,モンキー・D・ルフィ(パラレル),ST13-015,2980,2025-03-25 22:51:49
st21,P-L,モンキー・D・ルフィ(パラレル),ST21-001,19800,2025-03-25 22:51:53
st21,P-SR,モンキー・D・ルフィ(パラレル),ST21-014,3980,2025-03-25 22:51:59
st21,P-SR,ロロノア・ゾロ(パラレル),ST21-015,3980,2025-03-25 22:52:02
